1,Gideon,Mouatt,false
2,Meggie,Corrie,false
3,Ki,Wasbey,false
4,Naomi,Durnall,true
5,Riane,Bygrove,true
6,Rolando,Siaspinski,false
7,Esteban,Brawn,false
8,Rafaello,Swyn,true
9,Ruddy,Davidi,true
10,Salvador,Korba,true
11,Nicholas,Beckerleg,true
12,Alida,Davisson,false
13,Bobbette,Croughan,true
14,Codi,Astin,true
15,Clark,Rylett,false
16,Geno,Alejandri,false
17,Eloise,Balentyne,false
18,Vernor,Scawn,false
19,Tabitha,Collens,false
20,Ermina,Sturzaker,false
21,Doloritas,Sebire,true
22,Trenna,Bletsoe,true
23,Samara,Spondley,false
24,Hendrik,McGuirk,false
25,Tomasina,De Cruce,true
26,Michael,Bolton,true
27,Hendrik,Fremantle,false
28,Celestina,Lynch,true
29,Ingra,Ferrillo,false
30,Levin,Abarough,true
31,Raddie,Cowterd,false
32,Lorita,Kasbye,false
33,Shelley,Cottom,true
34,Kristo,Fowells,false
35,Farrand,Charnick,false
36,Sharla,Klemencic,true
37,Ilysa,Hysom,false
38,Jolyn,Dooney,false
39,Malynda,Willment,true
40,Fredek,Muino,true
41,Harmon,Ionnisian,false
42,Karlie,Westby,true
43,Debby,Rhys,true
44,Giuditta,Tapply,false
45,Brittani,Ellerey,true
46,Simeon,Fritter,false
47,Umeko,Ould,false
48,Cori,Giorgi,false
49,Barbara-anne,Watling,false
50,Jenine,Wraighte,false
51,Sutherlan,Kindell,false
52,Darryl,Perello,true
53,Adolf,Fetherstone,false
54,Sarge,Aberdalgy,true
55,Alberik,Longina,false
56,Feodora,Cicco,true
57,Paquito,Adshad,true
58,Tynan,Studd,false
59,Charlena,Bleackley,false
60,Kamillah,Lambrecht,true
61,Conant,Crady,false
62,Vyky,Thunnercliff,true
63,Craggie,Perrot,false
64,Nellie,Tidcomb,false
65,Bard,Bowyer,true
66,Rhoda,Robez,false
67,Barbe,Camois,true
68,Alasteir,Bruun,true
69,Brittaney,McDade,false
70,Marietta,Sponder,false
71,Sybyl,Lummis,false
72,Reeta,Keneleyside,false
73,Cullen,Smails,true
74,Wilone,Thexton,true
75,Patrick,Carmont,false
76,Syd,Beszant,true
77,Toiboid,Domek,true
78,Marcellina,Kroon,true
79,Nelly,Brunnstein,true
80,Tomi,Esselin,false
81,Berty,Brian,true
82,Sharia,Giggs,true
83,Herminia,Bamsey,true
84,Ryan,Brazel,true
85,Ellswerth,Harvison,true
86,Arabella,Schouthede,true
87,Casie,Bearfoot,true
88,Mendel,Rock,false
89,Merrielle,Northleigh,false
90,Sondra,Maynell,true
91,Jay,Gyenes,false
92,Howard,Robinet,true
93,Issy,Lamort,true
94,Cordell,Crombie,false
95,Tawnya,Amaya,false
96,Hynda,Zouch,false
97,Maurita,Pountain,false
98,Vasily,O'Moylane,false
99,Ewan,Thorndycraft,true
100,Benny,Gisbye,false